[
 {   "firstName": "Randy",   "lastName": "Hamilton",   "age": 57,   "dob": "5/3/1994",   "email": "amotuki@mu.ao",   "address": "1666 Biez Glen",   "creditCardNumber": 36891380133066,   "cardType": "Platinum",   "creditLimit": 3184,   "availableLimit": 46463,   "expiryDate": "04/11/2003" },
 {   "firstName": "Brandon",   "lastName": "Chapman",   "age": 61,   "dob": "7/22/1962",   "email": "orazi@maz.fj",   "address": "1391 Jojjeb Glen",   "creditCardNumber": 6334998970896717,   "cardType": "Gold",   "creditLimit": 53602,   "availableLimit": 32963,   "expiryDate": "12/05/2019" },
 {   "firstName": "Carrie",   "lastName": "Anderson",   "age": 45,   "dob": "3/7/1975",   "email": "tih@muriw.de",   "address": "1633 Huzfo Heights",   "creditCardNumber": 4864922095432466,   "cardType": "Gold",   "creditLimit": 88151,   "availableLimit": 47067,   "expiryDate": "04/30/1991" },
 {   "firstName": "Gussie",   "lastName": "Wright",   "age": 64,   "dob": "5/24/1993",   "email": "lazaz@kemduhkas.mw",   "address": "745 Rahko Grove",   "creditCardNumber": 344278654766861,   "cardType": "Gold",   "creditLimit": 2206,   "availableLimit": 21525,   "expiryDate": "01/05/2003" },
 {   "firstName": "Andre",   "lastName": "Logan",   "age": 63,   "dob": "6/25/1954",   "email": "hod@gafsimo.lt",   "address": "720 Vauw Point",   "creditCardNumber": 30095670085590,   "cardType": "Gold",   "creditLimit": 85639,   "availableLimit": 46659,   "expiryDate": "05/14/2042" },
 {   "firstName": "Abbie",   "lastName": "Reese",   "age": 33,   "dob": "5/9/1986",   "email": "delfudi@ta.ss",   "address": "1225 Enute Glen",   "creditCardNumber": 4903251512148692,   "cardType": "Platinum",   "creditLimit": 49826,   "availableLimit": 71541,   "expiryDate": "06/16/2010" },
 {   "firstName": "Leona",   "lastName": "Roberts",   "age": 55,   "dob": "10/14/1998",   "email": "vatbu@modowru.cu",   "address": "1513 Pumtub Heights",   "creditCardNumber": 5610116693673084,   "cardType": "Gold",   "creditLimit": 60778,   "availableLimit": 58503,   "expiryDate": "07/19/2018" },
 {   "firstName": "Della",   "lastName": "Norton",   "age": 53,   "dob": "7/28/1954",   "email": "jad@visrob.bb",   "address": "806 Omap Loop",   "creditCardNumber": 5018374166279909,   "cardType": "Platinum",   "creditLimit": 33297,   "availableLimit": 14812,   "expiryDate": "03/11/1986" },
 {   "firstName": "Harvey",   "lastName": "Daniel",   "age": 37,   "dob": "3/1/1997",   "email": "bijca@wek.bf",   "address": "1688 Dimjec Place",   "creditCardNumber": 4887987951249950,   "cardType": "Platinum",   "creditLimit": 89281,   "availableLimit": 14270,   "expiryDate": "12/31/1926" },
 {   "firstName": "Ann",   "lastName": "Page",   "age": 27,   "dob": "7/30/1975",   "email": "horuje@gi.dz",   "address": "1309 Tait Lane",   "creditCardNumber": 6334661790500253,   "cardType": "Platinum",   "creditLimit": 99841,   "availableLimit": 50708,   "expiryDate": "09/12/1929" },
 {   "firstName": "Mario",   "lastName": "Drake",   "age": 44,   "dob": "8/26/1959",   "email": "reja@muv.tz",   "address": "884 Helo Turnpike",   "creditCardNumber": 6304609615966486,   "cardType": "Silver",   "creditLimit": 66504,   "availableLimit": 27313,   "expiryDate": "05/31/1998" },
 {   "firstName": "Alex",   "lastName": "Thomas",   "age": 40,   "dob": "8/28/1960",   "email": "zohlez@goufku.ax",   "address": "1991 Racnep Terrace",   "creditCardNumber": 5118210278073534,   "cardType": "Platinum",   "creditLimit": 16999,   "availableLimit": 30410,   "expiryDate": "09/13/2044" },
 {   "firstName": "Antonio",   "lastName": "Wong",   "age": 22,   "dob": "3/31/1961",   "email": "wagrajok@gas.gq",   "address": "605 Amaes Highway",   "creditCardNumber": 30029259040742,   "cardType": "Gold",   "creditLimit": 37149,   "availableLimit": 32454,   "expiryDate": "04/09/1904" },
 {   "firstName": "Stephen",   "lastName": "Arnold",   "age": 51,   "dob": "6/19/1979",   "email": "namuh@pawmu.lc",   "address": "456 Rubdom Parkway",   "creditCardNumber": 36923691790464,   "cardType": "Platinum",   "creditLimit": 39392,   "availableLimit": 62697,   "expiryDate": "10/08/2032" },
 {   "firstName": "Mattie",   "lastName": "Hall",   "age": 22,   "dob": "8/19/1998",   "email": "vitoro@bogudo.hm",   "address": "1692 Zega Park",   "creditCardNumber": 36511225857865,   "cardType": "Silver",   "creditLimit": 70620,   "availableLimit": 53073,   "expiryDate": "10/10/1963" },
 {   "firstName": "Owen",   "lastName": "Luna",   "age": 56,   "dob": "3/8/1966",   "email": "ec@nesuposi.mk",   "address": "272 Capa Drive",   "creditCardNumber": 6304236234807071,   "cardType": "Gold",   "creditLimit": 14437,   "availableLimit": 83157,   "expiryDate": "05/06/1958" },
 {   "firstName": "Theresa",   "lastName": "Wolfe",   "age": 39,   "dob": "3/10/1999",   "email": "futhir@kusbo.gh",   "address": "387 Roed Street",   "creditCardNumber": 6374279291372824,   "cardType": "Silver",   "creditLimit": 37713,   "availableLimit": 21337,   "expiryDate": "06/06/2044" },
 {   "firstName": "Carlos",   "lastName": "Holt",   "age": 29,   "dob": "8/24/1977",   "email": "vozgalkaw@valcuz.lc",   "address": "44 Galre View",   "creditCardNumber": 6374752485949755,   "cardType": "Platinum",   "creditLimit": 44590,   "availableLimit": 74116,   "expiryDate": "09/11/1980" },
 {   "firstName": "Gertrude",   "lastName": "Hammond",   "age": 51,   "dob": "7/6/1981",   "email": "ha@cigathem.ci",   "address": "1325 Ipeho Lane",   "creditCardNumber": 5018254049859384,   "cardType": "Silver",   "creditLimit": 31218,   "availableLimit": 10620,   "expiryDate": "06/06/2009" },
 {   "firstName": "Daisy",   "lastName": "Welch",   "age": 35,   "dob": "12/1/1967",   "email": "lo@ezo.ar",   "address": "946 Ducod View",   "creditCardNumber": 6296515547773272,   "cardType": "Platinum",   "creditLimit": 79148,   "availableLimit": 34030,   "expiryDate": "07/09/1932" },
 {   "firstName": "Eula",   "lastName": "Holt",   "age": 48,   "dob": "10/16/1989",   "email": "wif@ferutin.na",   "address": "1091 Umkoz Parkway",   "creditCardNumber": 201412104945310,   "cardType": "Gold",   "creditLimit": 97403,   "availableLimit": 79555,   "expiryDate": "08/01/1981" },
 {   "firstName": "Lena",   "lastName": "Shelton",   "age": 55,   "dob": "12/1/1981",   "email": "atowavsi@zakuvko.zm",   "address": "1984 Jeuh Circle",   "creditCardNumber": 3528865779505174,   "cardType": "Platinum",   "creditLimit": 51416,   "availableLimit": 61425,   "expiryDate": "09/12/1908" },
 {   "firstName": "Ethel",   "lastName": "Vaughn",   "age": 26,   "dob": "8/21/1954",   "email": "ijuburca@gazmefas.sm",   "address": "1853 Aregir Court",   "creditCardNumber": 4026877077493370,   "cardType": "Gold",   "creditLimit": 27983,   "availableLimit": 9219,   "expiryDate": "02/25/1950" },
 {   "firstName": "Vincent",   "lastName": "Flowers",   "age": 34,   "dob": "10/27/1982",   "email": "banjaltu@inoodami.ms",   "address": "803 Tooc Court",   "creditCardNumber": 6370033730733102,   "cardType": "Platinum",   "creditLimit": 79355,   "availableLimit": 29683,   "expiryDate": "04/14/2035" },
 {   "firstName": "Lettie",   "lastName": "Spencer",   "age": 21,   "dob": "12/8/1974",   "email": "aguzu@egiwo.aq",   "address": "681 Dovna Key",   "creditCardNumber": 3528714106908547,   "cardType": "Platinum",   "creditLimit": 85858,   "availableLimit": 47204,   "expiryDate": "03/01/2067" },
 {   "firstName": "Minerva",   "lastName": "Mendoza",   "age": 39,   "dob": "1/3/1962",   "email": "kihwiso@niket.dm",   "address": "1377 Rurjut Point",   "creditCardNumber": 4302048466120041,   "cardType": "Platinum",   "creditLimit": 26745,   "availableLimit": 46021,   "expiryDate": "05/16/2036" },
 {   "firstName": "Luke",   "lastName": "Wilson",   "age": 47,   "dob": "2/26/1978",   "email": "lut@ifadi.sk",   "address": "1259 Ufiahu Boulevard",   "creditCardNumber": 6334877882306447,   "cardType": "Platinum",   "creditLimit": 59541,   "availableLimit": 52652,   "expiryDate": "04/09/1913" },
 {   "firstName": "Helen",   "lastName": "Garcia",   "age": 26,   "dob": "2/26/1983",   "email": "pewrab@savnaju.pg",   "address": "1744 Poli Point",   "creditCardNumber": 6334133669839592,   "cardType": "Silver",   "creditLimit": 66250,   "availableLimit": 53591,   "expiryDate": "04/20/1938" },
 {   "firstName": "Jane",   "lastName": "Fuller",   "age": 32,   "dob": "1/12/1997",   "email": "suliknef@nucile.ac",   "address": "927 Volcug Terrace",   "creditCardNumber": 30057031463445,   "cardType": "Gold",   "creditLimit": 92782,   "availableLimit": 52377,   "expiryDate": "03/17/1949" },
 {   "firstName": "Chester",   "lastName": "Clayton",   "age": 24,   "dob": "9/14/1979",   "email": "kok@saatwuv.ky",   "address": "810 Ahinu Way",   "creditCardNumber": 5434740375494354,   "cardType": "Silver",   "creditLimit": 40120,   "availableLimit": 40713,   "expiryDate": "12/07/1949" },
 {   "firstName": "Kyle",   "lastName": "McKenzie",   "age": 24,   "dob": "8/31/1960",   "email": "sa@vadfele.ck",   "address": "1556 Alubem Junction",   "creditCardNumber": 36591927188207,   "cardType": "Gold",   "creditLimit": 39763,   "availableLimit": 10504,   "expiryDate": "10/26/1901" },
 {   "firstName": "Lucinda",   "lastName": "Jackson",   "age": 55,   "dob": "2/26/1971",   "email": "kijomag@ifo.lc",   "address": "1353 Lafaju Trail",   "creditCardNumber": 30013968456605,   "cardType": "Silver",   "creditLimit": 43082,   "availableLimit": 89666,   "expiryDate": "09/11/1942" },
 {   "firstName": "Jackson",   "lastName": "Andrews",   "age": 39,   "dob": "2/28/1970",   "email": "bebu@lonine.mw",   "address": "749 Kewi Center",   "creditCardNumber": 4026171991767337,   "cardType": "Platinum",   "creditLimit": 273,   "availableLimit": 71258,   "expiryDate": "01/07/1917" },
 {   "firstName": "Addie",   "lastName": "Lindsey",   "age": 40,   "dob": "4/13/1985",   "email": "vojgu@wig.ls",   "address": "1774 Reve Plaza",   "creditCardNumber": 5018085881221667,   "cardType": "Platinum",   "creditLimit": 49716,   "availableLimit": 60425,   "expiryDate": "04/06/1935" },
 {   "firstName": "Myrtle",   "lastName": "Nelson",   "age": 57,   "dob": "4/18/1996",   "email": "we@fireto.eh",   "address": "1451 Caco Ridge",   "creditCardNumber": 6374432346077837,   "cardType": "Gold",   "creditLimit": 10902,   "availableLimit": 25861,   "expiryDate": "09/10/1974" },
 {   "firstName": "Terry",   "lastName": "Burton",   "age": 59,   "dob": "4/3/1976",   "email": "biusnes@hofe.np",   "address": "1827 Bataj Lane",   "creditCardNumber": 6281389741191989,   "cardType": "Silver",   "creditLimit": 8760,   "availableLimit": 34945,   "expiryDate": "08/19/1975" },
 {   "firstName": "Bradley",   "lastName": "Lynch",   "age": 43,   "dob": "3/3/1970",   "email": "jalpagim@moimebuf.bf",   "address": "1476 Seuj Highway",   "creditCardNumber": 30022231448299,   "cardType": "Gold",   "creditLimit": 89930,   "availableLimit": 30441,   "expiryDate": "08/10/2066" },
 {   "firstName": "George",   "lastName": "Flowers",   "age": 39,   "dob": "2/4/1989",   "email": "nefvis@div.eh",   "address": "1387 Komaj Road",   "creditCardNumber": 4903440293549497,   "cardType": "Silver",   "creditLimit": 84637,   "availableLimit": 40943,   "expiryDate": "09/12/1999" },
 {   "firstName": "Mark",   "lastName": "Carson",   "age": 65,   "dob": "4/6/1974",   "email": "umineze@osobamgu.ve",   "address": "1169 Pakaf Pike",   "creditCardNumber": 345578695195999,   "cardType": "Platinum",   "creditLimit": 94405,   "availableLimit": 25172,   "expiryDate": "10/03/2003" },
 {   "firstName": "Lester",   "lastName": "Ross",   "age": 54,   "dob": "5/21/1994",   "email": "ure@teiwa.hn",   "address": "1475 Emar Key",   "creditCardNumber": 6011274407736284,   "cardType": "Gold",   "creditLimit": 69125,   "availableLimit": 68397,   "expiryDate": "08/07/1944" },
 {   "firstName": "Mittie",   "lastName": "Brock",   "age": 44,   "dob": "10/15/2001",   "email": "igu@osuecna.cf",   "address": "1773 Kejej Highway",   "creditCardNumber": 36566808765216,   "cardType": "Silver",   "creditLimit": 5398,   "availableLimit": 23174,   "expiryDate": "01/08/1968" },
 {   "firstName": "Cory",   "lastName": "Bowen",   "age": 41,   "dob": "4/6/1970",   "email": "araf@sabekos.gm",   "address": "142 Viwew Highway",   "creditCardNumber": 30048424549254,   "cardType": "Platinum",   "creditLimit": 58057,   "availableLimit": 16244,   "expiryDate": "02/15/1936" },
 {   "firstName": "Eleanor",   "lastName": "Lawrence",   "age": 31,   "dob": "6/19/1991",   "email": "ajo@zawamrod.mr",   "address": "832 Wope Mill",   "creditCardNumber": 6011179506022884,   "cardType": "Gold",   "creditLimit": 68680,   "availableLimit": 41426,   "expiryDate": "10/04/2000" },
 {   "firstName": "Stephen",   "lastName": "Tran",   "age": 64,   "dob": "3/24/1968",   "email": "zigid@risgic.pr",   "address": "859 Nupgek Mill",   "creditCardNumber": 6334501848236270,   "cardType": "Platinum",   "creditLimit": 3158,   "availableLimit": 70843,   "expiryDate": "11/04/2003" },
 {   "firstName": "Brandon",   "lastName": "Grant",   "age": 42,   "dob": "9/21/1998",   "email": "satmuwmic@wo.mx",   "address": "849 Jazu Center",   "creditCardNumber": 5018670262073413,   "cardType": "Silver",   "creditLimit": 22402,   "availableLimit": 71085,   "expiryDate": "02/21/2051" },
 {   "firstName": "Sally",   "lastName": "Curry",   "age": 23,   "dob": "7/10/1956",   "email": "inede@oleak.ms",   "address": "413 Hehlow Ridge",   "creditCardNumber": 4026003410448134,   "cardType": "Gold",   "creditLimit": 29535,   "availableLimit": 94838,   "expiryDate": "02/11/1988" },
 {   "firstName": "Mayme",   "lastName": "Walters",   "age": 53,   "dob": "8/30/1994",   "email": "raknoha@ev.br",   "address": "762 Hefa View",   "creditCardNumber": 5018552551450041,   "cardType": "Platinum",   "creditLimit": 11191,   "availableLimit": 58330,   "expiryDate": "04/12/2002" },
 {   "firstName": "Bobby",   "lastName": "Cook",   "age": 52,   "dob": "7/30/1988",   "email": "vuge@jimadif.om",   "address": "1671 Jagolo Way",   "creditCardNumber": 30045415421626,   "cardType": "Gold",   "creditLimit": 1944,   "availableLimit": 66352,   "expiryDate": "07/31/1938" },
 {   "firstName": "Blanche",   "lastName": "Brewer",   "age": 59,   "dob": "12/2/1988",   "email": "firomi@rec.fj",   "address": "941 Lukile Plaza",   "creditCardNumber": 6304442503666236,   "cardType": "Gold",   "creditLimit": 64277,   "availableLimit": 52805,   "expiryDate": "12/08/1952" },
 {   "firstName": "Amelia",   "lastName": "Gross",   "age": 30,   "dob": "2/4/1998",   "email": "kup@le.kp",   "address": "382 Tuzfa Boulevard",   "creditCardNumber": 201493580966996,   "cardType": "Silver",   "creditLimit": 95720,   "availableLimit": 77133,   "expiryDate": "10/14/1960" },
 {   "firstName": "Ruth",   "lastName": "Bradley",   "age": 19,   "dob": "9/10/1968",   "email": "ramoliz@argezpil.sb",   "address": "77 Garfu River",   "creditCardNumber": 30053651091301,   "cardType": "Silver",   "creditLimit": 8839,   "availableLimit": 81839,   "expiryDate": "09/28/1986" },
 {   "firstName": "Tyler",   "lastName": "Todd",   "age": 24,   "dob": "9/20/1990",   "email": "osipa@keci.ao",   "address": "20 Tano Court",   "creditCardNumber": 6377743348916682,   "cardType": "Silver",   "creditLimit": 56267,   "availableLimit": 65490,   "expiryDate": "11/24/1954" },
 {   "firstName": "Garrett",   "lastName": "Morton",   "age": 43,   "dob": "9/9/1980",   "email": "hiit@vous.pa",   "address": "1327 Ojinik Path",   "creditCardNumber": 5018283095185824,   "cardType": "Silver",   "creditLimit": 11049,   "availableLimit": 20108,   "expiryDate": "08/06/2027" },
 {   "firstName": "Edna",   "lastName": "Harmon",   "age": 22,   "dob": "11/28/1991",   "email": "lobow@pimo.nf",   "address": "1391 Asujow Square",   "creditCardNumber": 5477326588705394,   "cardType": "Silver",   "creditLimit": 10811,   "availableLimit": 83533,   "expiryDate": "10/09/2020" },
 {   "firstName": "Linnie",   "lastName": "Armstrong",   "age": 38,   "dob": "3/23/1976",   "email": "lig@nijodioze.org",   "address": "1618 Sujado Pike",   "creditCardNumber": 342844868376557,   "cardType": "Platinum",   "creditLimit": 68394,   "availableLimit": 71299,   "expiryDate": "04/02/2028" },
 {   "firstName": "Marguerite",   "lastName": "Reynolds",   "age": 55,   "dob": "5/25/1957",   "email": "wurdubi@puto.va",   "address": "770 Nabdel Glen",   "creditCardNumber": 349784666632343,   "cardType": "Platinum",   "creditLimit": 90774,   "availableLimit": 41888,   "expiryDate": "03/08/1954" },
 {   "firstName": "Antonio",   "lastName": "Griffith",   "age": 48,   "dob": "8/18/1999",   "email": "til@mivijat.jm",   "address": "1670 Fejam Turnpike",   "creditCardNumber": 4362459574314979,   "cardType": "Platinum",   "creditLimit": 33637,   "availableLimit": 44753,   "expiryDate": "01/14/2041" },
 {   "firstName": "Leroy",   "lastName": "Walker",   "age": 65,   "dob": "2/20/1956",   "email": "viuluces@fumpinuz.es",   "address": "1192 Zofule Mill",   "creditCardNumber": 5610769333066588,   "cardType": "Platinum",   "creditLimit": 45562,   "availableLimit": 69240,   "expiryDate": "06/08/1972" },
 {   "firstName": "Marvin",   "lastName": "Willis",   "age": 54,   "dob": "4/9/1973",   "email": "irozirve@jovdo.fr",   "address": "391 Borfif Center",   "creditCardNumber": 4903152180731233,   "cardType": "Gold",   "creditLimit": 15908,   "availableLimit": 12033,   "expiryDate": "10/03/1934" },
 {   "firstName": "Maude",   "lastName": "Flores",   "age": 41,   "dob": "6/21/1964",   "email": "az@kecihu.bh",   "address": "343 Zuvduz Road",   "creditCardNumber": 3528725145315643,   "cardType": "Gold",   "creditLimit": 25431,   "availableLimit": 79124,   "expiryDate": "09/13/2061" },
 {   "firstName": "Alberta",   "lastName": "Sullivan",   "age": 65,   "dob": "7/8/1989",   "email": "angik@omofu.ve",   "address": "1547 Savka Path",   "creditCardNumber": 6304978220432246,   "cardType": "Platinum",   "creditLimit": 47293,   "availableLimit": 72664,   "expiryDate": "03/15/1962" },
 {   "firstName": "Lottie",   "lastName": "Payne",   "age": 58,   "dob": "10/17/1973",   "email": "umo@eka.id",   "address": "1239 Nallob River",   "creditCardNumber": 30037682049644,   "cardType": "Silver",   "creditLimit": 83688,   "availableLimit": 77763,   "expiryDate": "03/07/2001" },
 {   "firstName": "Wesley",   "lastName": "Blake",   "age": 45,   "dob": "5/30/1955",   "email": "tej@gansim.tw",   "address": "1794 Sizaj Key",   "creditCardNumber": 5155310026443676,   "cardType": "Silver",   "creditLimit": 5326,   "availableLimit": 31065,   "expiryDate": "09/05/2011" },
 {   "firstName": "Timothy",   "lastName": "Brady",   "age": 44,   "dob": "10/27/1977",   "email": "ufiiru@seccah.fk",   "address": "326 Sizgof Glen",   "creditCardNumber": 6334509790024719,   "cardType": "Silver",   "creditLimit": 63531,   "availableLimit": 34745,   "expiryDate": "01/28/1965" },
 {   "firstName": "William",   "lastName": "Jensen",   "age": 40,   "dob": "2/10/1972",   "email": "tijob@ta.bi",   "address": "1547 Asisu Street",   "creditCardNumber": 36574003943604,   "cardType": "Gold",   "creditLimit": 90888,   "availableLimit": 2568,   "expiryDate": "09/18/2029" },
 {   "firstName": "Maurice",   "lastName": "Wheeler",   "age": 24,   "dob": "2/19/1963",   "email": "kameg@fi.mm",   "address": "496 Imotus River",   "creditCardNumber": 5018158851712104,   "cardType": "Gold",   "creditLimit": 11845,   "availableLimit": 55703,   "expiryDate": "06/25/1941" },
 {   "firstName": "Bess",   "lastName": "Sandoval",   "age": 35,   "dob": "3/15/1990",   "email": "jahpow@ewi.dm",   "address": "324 Awni Extension",   "creditCardNumber": 5018918954135895,   "cardType": "Gold",   "creditLimit": 18923,   "availableLimit": 30964,   "expiryDate": "02/01/1993" },
 {   "firstName": "Lillie",   "lastName": "Rogers",   "age": 62,   "dob": "12/16/1999",   "email": "ki@jiknar.uy",   "address": "1318 Gier Mill",   "creditCardNumber": 6304524264612382,   "cardType": "Platinum",   "creditLimit": 99588,   "availableLimit": 75319,   "expiryDate": "06/25/2024" },
 {   "firstName": "Ruth",   "lastName": "Marsh",   "age": 28,   "dob": "6/22/1998",   "email": "ku@ib.gb",   "address": "567 Vilsa Heights",   "creditCardNumber": 4903897443152904,   "cardType": "Silver",   "creditLimit": 76787,   "availableLimit": 66220,   "expiryDate": "07/01/2038" },
 {   "firstName": "Harriett",   "lastName": "Howell",   "age": 37,   "dob": "4/16/1972",   "email": "doh@gewid.kr",   "address": "1574 Inefoh Mill",   "creditCardNumber": 5018990745763491,   "cardType": "Silver",   "creditLimit": 69321,   "availableLimit": 36457,   "expiryDate": "01/28/2063" },
 {   "firstName": "Mark",   "lastName": "Harmon",   "age": 41,   "dob": "3/25/1973",   "email": "jifigas@ewudete.kg",   "address": "836 Capok Glen",   "creditCardNumber": 6304339746986803,   "cardType": "Gold",   "creditLimit": 54608,   "availableLimit": 90502,   "expiryDate": "06/22/2015" },
 {   "firstName": "Elmer",   "lastName": "Burns",   "age": 65,   "dob": "11/4/1986",   "email": "afuowo@fepbialu.fm",   "address": "847 Zicve Road",   "creditCardNumber": 6334812080126230,   "cardType": "Gold",   "creditLimit": 31675,   "availableLimit": 23470,   "expiryDate": "03/06/2011" },
 {   "firstName": "Lucas",   "lastName": "Guzman",   "age": 58,   "dob": "11/15/1969",   "email": "ras@witipita.mw",   "address": "245 Tosi Circle",   "creditCardNumber": 6334386104926545,   "cardType": "Silver",   "creditLimit": 39700,   "availableLimit": 86161,   "expiryDate": "10/24/1953" },
 {   "firstName": "Nell",   "lastName": "Gonzales",   "age": 53,   "dob": "10/29/1956",   "email": "caf@pigat.ca",   "address": "1232 Sowpad Plaza",   "creditCardNumber": 347165847955260,   "cardType": "Platinum",   "creditLimit": 161,   "availableLimit": 26187,   "expiryDate": "11/06/1902" },
 {   "firstName": "Vincent",   "lastName": "Ross",   "age": 55,   "dob": "6/27/1997",   "email": "soh@id.ao",   "address": "1845 Turoc Extension",   "creditCardNumber": 341456571998170,   "cardType": "Gold",   "creditLimit": 3493,   "availableLimit": 9284,   "expiryDate": "05/29/2020" },
 {   "firstName": "Gussie",   "lastName": "Warner",   "age": 47,   "dob": "8/3/1955",   "email": "bewe@burse.es",   "address": "1957 Evifo Center",   "creditCardNumber": 5018478019421533,   "cardType": "Silver",   "creditLimit": 45098,   "availableLimit": 33138,   "expiryDate": "12/17/1986" },
 {   "firstName": "Clarence",   "lastName": "Phelps",   "age": 41,   "dob": "2/12/1997",   "email": "bej@itwev.si",   "address": "1394 Wehwa Drive",   "creditCardNumber": 4782016879868745,   "cardType": "Silver",   "creditLimit": 19367,   "availableLimit": 38446,   "expiryDate": "11/23/2005" },
 {   "firstName": "Philip",   "lastName": "Stewart",   "age": 18,   "dob": "1/9/1965",   "email": "hih@ji.an",   "address": "1066 Biha Mill",   "creditCardNumber": 6011669605674809,   "cardType": "Silver",   "creditLimit": 92677,   "availableLimit": 18398,   "expiryDate": "04/03/1958" },
 {   "firstName": "Calvin",   "lastName": "Fisher",   "age": 31,   "dob": "6/17/1987",   "email": "je@kecmehik.gn",   "address": "1402 Huppel Ridge",   "creditCardNumber": 6011634326012184,   "cardType": "Silver",   "creditLimit": 67490,   "availableLimit": 24431,   "expiryDate": "11/18/1964" },
 {   "firstName": "Larry",   "lastName": "Willis",   "age": 42,   "dob": "6/5/1985",   "email": "zat@soplotef.mh",   "address": "445 Epito Park",   "creditCardNumber": 6200084465775681,   "cardType": "Gold",   "creditLimit": 97745,   "availableLimit": 21182,   "expiryDate": "01/05/2058" },
 {   "firstName": "Benjamin",   "lastName": "Goodman",   "age": 37,   "dob": "8/24/1975",   "email": "naniz@lezu.cr",   "address": "1852 Golget Parkway",   "creditCardNumber": 4903079781993682,   "cardType": "Silver",   "creditLimit": 47017,   "availableLimit": 76467,   "expiryDate": "05/30/1955" },
 {   "firstName": "Sarah",   "lastName": "Hammond",   "age": 57,   "dob": "3/13/1956",   "email": "tusag@mor.af",   "address": "2000 Ciwmif Loop",   "creditCardNumber": 5455880312918885,   "cardType": "Platinum",   "creditLimit": 90782,   "availableLimit": 8333,   "expiryDate": "06/24/1953" },
 {   "firstName": "Frederick",   "lastName": "Maldonado",   "age": 65,   "dob": "6/16/1969",   "email": "wig@iwoselkud.bg",   "address": "223 Icele Key",   "creditCardNumber": 4903124342429816,   "cardType": "Silver",   "creditLimit": 24852,   "availableLimit": 71912,   "expiryDate": "06/18/1949" },
 {   "firstName": "Aiden",   "lastName": "Flores",   "age": 54,   "dob": "6/1/1965",   "email": "hip@lig.gy",   "address": "1454 Umle Loop",   "creditCardNumber": 6011352010882206,   "cardType": "Silver",   "creditLimit": 17939,   "availableLimit": 36268,   "expiryDate": "05/24/1904" },
 {   "firstName": "Milton",   "lastName": "Kelley",   "age": 26,   "dob": "1/31/1962",   "email": "pa@pinli.bg",   "address": "1929 Zebug Circle",   "creditCardNumber": 5446763546358585,   "cardType": "Gold",   "creditLimit": 38136,   "availableLimit": 7825,   "expiryDate": "06/08/2002" },
 {   "firstName": "Nellie",   "lastName": "Lynch",   "age": 22,   "dob": "6/18/1987",   "email": "bacniip@orise.cr",   "address": "571 Pabaw Ridge",   "creditCardNumber": 6334768952610075,   "cardType": "Gold",   "creditLimit": 63353,   "availableLimit": 9257,   "expiryDate": "02/11/1902" },
 {   "firstName": "Mable",   "lastName": "Black",   "age": 26,   "dob": "1/27/1965",   "email": "um@bavot.np",   "address": "219 Umomik Circle",   "creditCardNumber": 3528918825164049,   "cardType": "Silver",   "creditLimit": 42305,   "availableLimit": 71898,   "expiryDate": "05/19/1903" },
 {   "firstName": "Joel",   "lastName": "Gibson",   "age": 50,   "dob": "10/7/1981",   "email": "rorjenune@dihku.ie",   "address": "1959 Fuma Park",   "creditCardNumber": 5420414260930643,   "cardType": "Gold",   "creditLimit": 44820,   "availableLimit": 70234,   "expiryDate": "11/25/1939" },
 {   "firstName": "Lee",   "lastName": "Barton",   "age": 65,   "dob": "1/11/1981",   "email": "acovohu@migonvel.ng",   "address": "1905 Neeto Manor",   "creditCardNumber": 6334361268222486,   "cardType": "Silver",   "creditLimit": 99281,   "availableLimit": 76231,   "expiryDate": "09/23/1941" },
 {   "firstName": "Eliza",   "lastName": "Garrett",   "age": 40,   "dob": "11/26/1962",   "email": "huleb@bijcinhek.re",   "address": "991 Vislul Court",   "creditCardNumber": 6235893490916519,   "cardType": "Platinum",   "creditLimit": 1119,   "availableLimit": 64987,   "expiryDate": "10/31/1997" },
 {   "firstName": "Rosa",   "lastName": "Montgomery",   "age": 48,   "dob": "2/27/1956",   "email": "awmahop@nig.sv",   "address": "772 Bevos Center",   "creditCardNumber": 30084160218465,   "cardType": "Gold",   "creditLimit": 11360,   "availableLimit": 99455,   "expiryDate": "09/29/1940" },
 {   "firstName": "Marvin",   "lastName": "Vega",   "age": 31,   "dob": "6/9/1956",   "email": "lo@ci.na",   "address": "693 Pewe Junction",   "creditCardNumber": 348208597672047,   "cardType": "Gold",   "creditLimit": 79624,   "availableLimit": 16728,   "expiryDate": "03/11/2010" },
 {   "firstName": "Catherine",   "lastName": "Santos",   "age": 51,   "dob": "1/18/1954",   "email": "pe@zijihlol.sy",   "address": "1220 Azmov Trail",   "creditCardNumber": 4026486203263135,   "cardType": "Gold",   "creditLimit": 33602,   "availableLimit": 28709,   "expiryDate": "01/28/2056" },
 {   "firstName": "Bertha",   "lastName": "Cannon",   "age": 62,   "dob": "5/17/1962",   "email": "uz@erafeta.lu",   "address": "137 Fameni Loop",   "creditCardNumber": 5137188413769926,   "cardType": "Platinum",   "creditLimit": 15701,   "availableLimit": 21683,   "expiryDate": "02/10/1918" },
 {   "firstName": "Warren",   "lastName": "Mitchell",   "age": 34,   "dob": "3/17/1977",   "email": "efo@setob.kw",   "address": "255 Olulu Road",   "creditCardNumber": 201413800834881,   "cardType": "Silver",   "creditLimit": 54975,   "availableLimit": 66037,   "expiryDate": "06/02/1914" },
 {   "firstName": "Mildred",   "lastName": "Blake",   "age": 47,   "dob": "3/22/1957",   "email": "atcegviw@us.ck",   "address": "1074 Daeg Circle",   "creditCardNumber": 4026301572220568,   "cardType": "Platinum",   "creditLimit": 97222,   "availableLimit": 26243,   "expiryDate": "08/04/1977" },
 {   "firstName": "Margaret",   "lastName": "Chapman",   "age": 56,   "dob": "10/9/1966",   "email": "wunin@duk.mo",   "address": "609 Javzi Parkway",   "creditCardNumber": 4903177328636150,   "cardType": "Platinum",   "creditLimit": 31386,   "availableLimit": 41627,   "expiryDate": "10/30/2014" },
 {   "firstName": "Ralph",   "lastName": "Green",   "age": 56,   "dob": "12/19/1985",   "email": "li@giwpuide.il",   "address": "701 Rewu Court",   "creditCardNumber": 201440351904375,   "cardType": "Gold",   "creditLimit": 14359,   "availableLimit": 75302,   "expiryDate": "06/28/1987" },
 {   "firstName": "Wayne",   "lastName": "Wilkins",   "age": 49,   "dob": "8/4/1954",   "email": "nudot@no.lv",   "address": "1603 Fupupe Point",   "creditCardNumber": 6304724540522187,   "cardType": "Silver",   "creditLimit": 94805,   "availableLimit": 62563,   "expiryDate": "10/03/2048" },
 {   "firstName": "Cecelia",   "lastName": "Jennings",   "age": 20,   "dob": "12/18/1971",   "email": "agepune@kagko.uy",   "address": "13 Ufha Key",   "creditCardNumber": 5018380523315872,   "cardType": "Platinum",   "creditLimit": 75053,   "availableLimit": 89595,   "expiryDate": "12/11/1959" },
 {   "firstName": "Ann",   "lastName": "Bailey",   "age": 52,   "dob": "1/16/1969",   "email": "ejonu@ri.hr",   "address": "1860 Denev Manor",   "creditCardNumber": 5451629967270462,   "cardType": "Gold",   "creditLimit": 24626,   "availableLimit": 11234,   "expiryDate": "04/08/1963" },
 {   "firstName": "Lucy",   "lastName": "Long",   "age": 37,   "dob": "11/21/1974",   "email": "ab@cucegit.sn",   "address": "5 Zero Lane",   "creditCardNumber": 4026840282963116,   "cardType": "Silver",   "creditLimit": 4661,   "availableLimit": 59478,   "expiryDate": "07/07/1992" },
 {   "firstName": "Michael",   "lastName": "Morton",   "age": 30,   "dob": "12/19/1996",   "email": "hotveg@wafejet.ml",   "address": "1369 Kufwi Extension",   "creditCardNumber": 5610435758231657,   "cardType": "Silver",   "creditLimit": 95640,   "availableLimit": 61444,   "expiryDate": "02/25/2051" },
 {   "firstName": "Lulu",   "lastName": "Francis",   "age": 60,   "dob": "3/25/1977",   "email": "gajah@op.nl",   "address": "330 Vucsun Place",   "creditCardNumber": 6247280681924997,   "cardType": "Silver",   "creditLimit": 97376,   "availableLimit": 76331,   "expiryDate": "02/19/1922" },
 {   "firstName": "Rosie",   "lastName": "Rios",   "age": 59,   "dob": "8/4/1986",   "email": "sov@vad.gg",   "address": "820 Henzo Glen",   "creditCardNumber": 5018394310715459,   "cardType": "Silver",   "creditLimit": 96503,   "availableLimit": 42481,   "expiryDate": "06/27/1960" },
 {   "firstName": "Walter",   "lastName": "Simpson",   "age": 36,   "dob": "2/18/1991",   "email": "ga@ezzatzof.pn",   "address": "1616 Otufur Key",   "creditCardNumber": 4026569933424760,   "cardType": "Silver",   "creditLimit": 1286,   "availableLimit": 14772,   "expiryDate": "02/24/1932" },
 {   "firstName": "Adam",   "lastName": "Rice",   "age": 37,   "dob": "7/18/1975",   "email": "sorgoz@fusi.ke",   "address": "741 Lopwab Plaza",   "creditCardNumber": 6334480404298042,   "cardType": "Platinum",   "creditLimit": 15138,   "availableLimit": 71574,   "expiryDate": "08/21/1997" },
 {   "firstName": "Maggie",   "lastName": "Roberson",   "age": 30,   "dob": "2/1/1979",   "email": "awosib@vaz.es",   "address": "776 Valuwi Mill",   "creditCardNumber": 4470152873424396,   "cardType": "Gold",   "creditLimit": 96221,   "availableLimit": 20515,   "expiryDate": "11/29/2015" },
 {   "firstName": "Sue",   "lastName": "Morgan",   "age": 57,   "dob": "11/26/1983",   "email": "bafrokef@ekugizod.az",   "address": "1147 Ehep Terrace",   "creditCardNumber": 4026968290958024,   "cardType": "Silver",   "creditLimit": 22967,   "availableLimit": 61968,   "expiryDate": "04/05/1932" },
 {   "firstName": "Lucinda",   "lastName": "Rivera",   "age": 42,   "dob": "5/16/1978",   "email": "mehel@ro.ms",   "address": "226 Jegde Way",   "creditCardNumber": 6296297525983708,   "cardType": "Gold",   "creditLimit": 15747,   "availableLimit": 69303,   "expiryDate": "08/31/2031" },
 {   "firstName": "Marian",   "lastName": "Boyd",   "age": 27,   "dob": "9/21/1983",   "email": "keledac@aholida.pk",   "address": "1223 Cika Grove",   "creditCardNumber": 5018514286500391,   "cardType": "Platinum",   "creditLimit": 38019,   "availableLimit": 36579,   "expiryDate": "06/27/2023" },
 {   "firstName": "Cameron",   "lastName": "Nash",   "age": 56,   "dob": "2/23/1987",   "email": "ce@ug.tp",   "address": "1294 Salhel Park",   "creditCardNumber": 5018909481191683,   "cardType": "Silver",   "creditLimit": 10538,   "availableLimit": 92767,   "expiryDate": "01/16/1996" },
 {   "firstName": "Alfred",   "lastName": "Willis",   "age": 62,   "dob": "11/15/1977",   "email": "pan@owuper.gh",   "address": "555 Cubure Highway",   "creditCardNumber": 5152937959532571,   "cardType": "Gold",   "creditLimit": 26808,   "availableLimit": 10092,   "expiryDate": "04/30/1971" },
 {   "firstName": "Vera",   "lastName": "Ward",   "age": 39,   "dob": "10/8/1969",   "email": "vuffabga@faudlu.dz",   "address": "284 Meak Park",   "creditCardNumber": 201488459059139,   "cardType": "Gold",   "creditLimit": 14798,   "availableLimit": 68480,   "expiryDate": "09/12/1961" },
 {   "firstName": "Billy",   "lastName": "Hogan",   "age": 51,   "dob": "4/15/1956",   "email": "je@amfozes.tz",   "address": "10 Zecec Pass",   "creditCardNumber": 6011458467682278,   "cardType": "Silver",   "creditLimit": 18543,   "availableLimit": 90099,   "expiryDate": "12/16/2035" },
 {   "firstName": "Craig",   "lastName": "Barber",   "age": 38,   "dob": "4/6/1968",   "email": "huzmuku@uvekob.nl",   "address": "690 Nowe Road",   "creditCardNumber": 6334576682506517,   "cardType": "Gold",   "creditLimit": 30108,   "availableLimit": 79264,   "expiryDate": "03/31/1900" },
 {   "firstName": "Susie",   "lastName": "Gutierrez",   "age": 58,   "dob": "6/20/1957",   "email": "uljovpil@pu.kg",   "address": "830 Ecjuv Parkway",   "creditCardNumber": 6304089695357114,   "cardType": "Gold",   "creditLimit": 4451,   "availableLimit": 5146,   "expiryDate": "10/21/1902" },
 {   "firstName": "Beulah",   "lastName": "Butler",   "age": 56,   "dob": "5/9/1980",   "email": "mi@lulbo.sl",   "address": "1465 Dagcib Pass",   "creditCardNumber": 6304714541300519,   "cardType": "Silver",   "creditLimit": 23276,   "availableLimit": 63514,   "expiryDate": "03/27/2042" },
 {   "firstName": "Henry",   "lastName": "Harmon",   "age": 59,   "dob": "12/20/1983",   "email": "segipco@gi.ec",   "address": "1051 Vagab Glen",   "creditCardNumber": 5134303114067461,   "cardType": "Gold",   "creditLimit": 38886,   "availableLimit": 12535,   "expiryDate": "08/08/1907" },
 {   "firstName": "Andre",   "lastName": "Blake",   "age": 62,   "dob": "7/13/1984",   "email": "civ@guebulot.gy",   "address": "774 Wifef Manor",   "creditCardNumber": 6334763902124681,   "cardType": "Platinum",   "creditLimit": 72455,   "availableLimit": 61933,   "expiryDate": "06/27/2051" },
 {   "firstName": "Bess",   "lastName": "Matthews",   "age": 26,   "dob": "3/8/2000",   "email": "suiripu@nu.py",   "address": "1858 Coron Place",   "creditCardNumber": 4026169782979111,   "cardType": "Gold",   "creditLimit": 30854,   "availableLimit": 3427,   "expiryDate": "03/08/1968" },
 {   "firstName": "Stella",   "lastName": "West",   "age": 27,   "dob": "11/11/1978",   "email": "daddasta@lugnab.ch",   "address": "1179 Naero Center",   "creditCardNumber": 6379312286454748,   "cardType": "Gold",   "creditLimit": 93222,   "availableLimit": 91947,   "expiryDate": "10/07/1971" },
 {   "firstName": "Brent",   "lastName": "McKenzie",   "age": 51,   "dob": "11/10/1996",   "email": "buepfo@wi.jm",   "address": "455 Fankeb Place",   "creditCardNumber": 30000330120282,   "cardType": "Silver",   "creditLimit": 44035,   "availableLimit": 43444,   "expiryDate": "11/10/1991" },
 {   "firstName": "Gerald",   "lastName": "Mendez",   "age": 46,   "dob": "11/17/2000",   "email": "lihohus@okomib.fr",   "address": "749 Kicewe Key",   "creditCardNumber": 6374329266739851,   "cardType": "Platinum",   "creditLimit": 45254,   "availableLimit": 50023,   "expiryDate": "06/06/2052" },
 {   "firstName": "Esther",   "lastName": "Carter",   "age": 37,   "dob": "12/3/1957",   "email": "wiwuuh@hupo.td",   "address": "1488 Pisota Center",   "creditCardNumber": 3528524903241319,   "cardType": "Silver",   "creditLimit": 68524,   "availableLimit": 9270,   "expiryDate": "05/10/2049" },
 {   "firstName": "Minnie",   "lastName": "Weber",   "age": 28,   "dob": "7/4/1963",   "email": "sah@eloma.fr",   "address": "866 Cujla Lane",   "creditCardNumber": 30077341895342,   "cardType": "Gold",   "creditLimit": 15357,   "availableLimit": 74657,   "expiryDate": "07/31/1975" },
 {   "firstName": "Lizzie",   "lastName": "Carson",   "age": 54,   "dob": "10/29/1990",   "email": "sa@wifzocafu.ph",   "address": "396 Ufham Pass",   "creditCardNumber": 5492768015016856,   "cardType": "Silver",   "creditLimit": 73536,   "availableLimit": 60737,   "expiryDate": "02/16/2025" },
 {   "firstName": "Miguel",   "lastName": "Erickson",   "age": 19,   "dob": "8/1/1970",   "email": "alibi@jefubohoc.ie",   "address": "1278 Tosseh Path",   "creditCardNumber": 5610879132162502,   "cardType": "Gold",   "creditLimit": 80600,   "availableLimit": 87832,   "expiryDate": "09/15/1916" },
 {   "firstName": "Jesse",   "lastName": "Rodriguez",   "age": 50,   "dob": "5/3/1997",   "email": "elefi@intidu.dz",   "address": "389 Goere Plaza",   "creditCardNumber": 36629315935159,   "cardType": "Silver",   "creditLimit": 33844,   "availableLimit": 37190,   "expiryDate": "06/25/1979" },
 {   "firstName": "Eliza",   "lastName": "Cortez",   "age": 18,   "dob": "5/23/1979",   "email": "tozitdot@fik.lb",   "address": "1916 Foje Path",   "creditCardNumber": 30056051575005,   "cardType": "Platinum",   "creditLimit": 40523,   "availableLimit": 90622,   "expiryDate": "06/15/1991" },
 {   "firstName": "Lillie",   "lastName": "Fleming",   "age": 47,   "dob": "11/21/1958",   "email": "nuojce@meorhe.bd",   "address": "1662 Bomuw Drive",   "creditCardNumber": 5152060915583479,   "cardType": "Silver",   "creditLimit": 92008,   "availableLimit": 54724,   "expiryDate": "04/19/2034" },
 {   "firstName": "Mary",   "lastName": "Richardson",   "age": 34,   "dob": "12/16/1990",   "email": "simuibi@ivisebon.sz",   "address": "720 Surunu Boulevard",   "creditCardNumber": 6304332731900376,   "cardType": "Platinum",   "creditLimit": 80489,   "availableLimit": 8015,   "expiryDate": "05/24/2000" },
 {   "firstName": "Ivan",   "lastName": "Medina",   "age": 57,   "dob": "8/12/1987",   "email": "how@ip.vn",   "address": "533 Ducuhe Street",   "creditCardNumber": 343541489942531,   "cardType": "Gold",   "creditLimit": 70830,   "availableLimit": 42857,   "expiryDate": "12/19/2040" },
 {   "firstName": "Danny",   "lastName": "Wallace",   "age": 51,   "dob": "7/2/1967",   "email": "gepe@lofehuic.sm",   "address": "1882 Ivivi Pass",   "creditCardNumber": 6372398110063372,   "cardType": "Silver",   "creditLimit": 32802,   "availableLimit": 30370,   "expiryDate": "07/06/1996" },
 {   "firstName": "Marvin",   "lastName": "Murray",   "age": 26,   "dob": "11/12/1955",   "email": "nipu@zobzu.pf",   "address": "870 Afke Mill",   "creditCardNumber": 6011549354779068,   "cardType": "Gold",   "creditLimit": 9983,   "availableLimit": 24362,   "expiryDate": "08/03/1959" },
 {   "firstName": "Eliza",   "lastName": "Keller",   "age": 52,   "dob": "7/10/1988",   "email": "rivog@pecfik.mx",   "address": "34 Zolu Glen",   "creditCardNumber": 348604577108327,   "cardType": "Gold",   "creditLimit": 79272,   "availableLimit": 17690,   "expiryDate": "08/18/2070" },
 {   "firstName": "Francisco",   "lastName": "Roberson",   "age": 19,   "dob": "11/15/1983",   "email": "netdo@memveanu.zw",   "address": "1537 Pibma Path",   "creditCardNumber": 4903012525484452,   "cardType": "Platinum",   "creditLimit": 53906,   "availableLimit": 14041,   "expiryDate": "05/21/1953" },
 {   "firstName": "Jon",   "lastName": "Horton",   "age": 41,   "dob": "1/7/1965",   "email": "run@mi.ae",   "address": "689 Ubfib Road",   "creditCardNumber": 5447515830254006,   "cardType": "Gold",   "creditLimit": 95079,   "availableLimit": 67413,   "expiryDate": "04/23/1909" },
 {   "firstName": "David",   "lastName": "Haynes",   "age": 62,   "dob": "9/1/1968",   "email": "ciggo@gosuggim.gf",   "address": "1319 Rukaf Street",   "creditCardNumber": 6379514737346882,   "cardType": "Silver",   "creditLimit": 12534,   "availableLimit": 26188,   "expiryDate": "05/09/1942" },
 {   "firstName": "Brett",   "lastName": "Baldwin",   "age": 48,   "dob": "2/24/1965",   "email": "urari@wucavwe.fi",   "address": "765 Omauk Junction",   "creditCardNumber": 6334844792306867,   "cardType": "Platinum",   "creditLimit": 7336,   "availableLimit": 79218,   "expiryDate": "03/05/1996" },
 {   "firstName": "Hilda",   "lastName": "James",   "age": 19,   "dob": "6/18/1999",   "email": "sig@sukados.ax",   "address": "461 Detir Circle",   "creditCardNumber": 5610375084605903,   "cardType": "Gold",   "creditLimit": 80835,   "availableLimit": 58315,   "expiryDate": "09/21/2058" },
 {   "firstName": "Nell",   "lastName": "Davidson",   "age": 57,   "dob": "8/22/1962",   "email": "fuk@fep.ws",   "address": "1737 Fopa Heights",   "creditCardNumber": 201411255070696,   "cardType": "Gold",   "creditLimit": 72605,   "availableLimit": 85563,   "expiryDate": "07/28/2060" },
 {   "firstName": "Calvin",   "lastName": "Oliver",   "age": 26,   "dob": "7/15/1991",   "email": "tewarcid@muhpap.pw",   "address": "1726 Dutuw Square",   "creditCardNumber": 201459006860287,   "cardType": "Platinum",   "creditLimit": 23011,   "availableLimit": 76762,   "expiryDate": "04/22/1982" },
 {   "firstName": "Andre",   "lastName": "Gibbs",   "age": 26,   "dob": "10/3/1962",   "email": "za@sad.cy",   "address": "1158 Rola View",   "creditCardNumber": 4026413779210019,   "cardType": "Gold",   "creditLimit": 5487,   "availableLimit": 18817,   "expiryDate": "09/11/1955" },
 {   "firstName": "Leon",   "lastName": "Griffin",   "age": 36,   "dob": "3/3/1996",   "email": "mos@ofwe.lc",   "address": "318 Nerpiw Extension",   "creditCardNumber": 6250920397658017,   "cardType": "Silver",   "creditLimit": 91859,   "availableLimit": 10335,   "expiryDate": "05/18/2005" },
 {   "firstName": "Randall",   "lastName": "Stone",   "age": 62,   "dob": "11/23/1964",   "email": "ni@fib.gd",   "address": "1355 Huguzo Heights",   "creditCardNumber": 201470263350896,   "cardType": "Silver",   "creditLimit": 68746,   "availableLimit": 28036,   "expiryDate": "11/28/2052" },
 {   "firstName": "Marvin",   "lastName": "Robertson",   "age": 51,   "dob": "7/5/1955",   "email": "rezmic@nesohgog.bb",   "address": "1923 Nehos Grove",   "creditCardNumber": 30047194420894,   "cardType": "Gold",   "creditLimit": 26923,   "availableLimit": 87437,   "expiryDate": "10/26/2022" },
 {   "firstName": "Marvin",   "lastName": "Shelton",   "age": 53,   "dob": "4/25/1996",   "email": "morvihzi@vinzimli.lu",   "address": "1546 Membez Place",   "creditCardNumber": 5159249556051598,   "cardType": "Silver",   "creditLimit": 61251,   "availableLimit": 13447,   "expiryDate": "09/05/1908" },
 {   "firstName": "Isabelle",   "lastName": "Castillo",   "age": 19,   "dob": "8/29/1972",   "email": "nunte@wotuzo.im",   "address": "1092 Hadsiv Circle",   "creditCardNumber": 6334865984218412,   "cardType": "Gold",   "creditLimit": 82490,   "availableLimit": 49453,   "expiryDate": "09/14/1956" },
 {   "firstName": "Lily",   "lastName": "Munoz",   "age": 48,   "dob": "5/31/1972",   "email": "ejouwhop@seerotoz.co.uk",   "address": "359 Asha Junction",   "creditCardNumber": 5133134408666473,   "cardType": "Silver",   "creditLimit": 41915,   "availableLimit": 31480,   "expiryDate": "02/13/2046" },
 {   "firstName": "Ralph",   "lastName": "Marshall",   "age": 60,   "dob": "7/7/1988",   "email": "sukimezu@ni.bm",   "address": "956 Osoge Junction",   "creditCardNumber": 5018817975878006,   "cardType": "Platinum",   "creditLimit": 51897,   "availableLimit": 40925,   "expiryDate": "09/14/1988" },
 {   "firstName": "Isaiah",   "lastName": "Garcia",   "age": 23,   "dob": "6/25/1991",   "email": "dugohbi@zadca.lv",   "address": "743 Novcuw Parkway",   "creditCardNumber": 5155004255710562,   "cardType": "Platinum",   "creditLimit": 68028,   "availableLimit": 69172,   "expiryDate": "02/26/2034" },
 {   "firstName": "Franklin",   "lastName": "Gomez",   "age": 20,   "dob": "7/17/1966",   "email": "va@wikbeh.cv",   "address": "1144 Vaza Mill",   "creditCardNumber": 30011971899639,   "cardType": "Platinum",   "creditLimit": 36358,   "availableLimit": 4830,   "expiryDate": "07/20/1945" },
 {   "firstName": "Grace",   "lastName": "Lamb",   "age": 31,   "dob": "11/5/1992",   "email": "caju@bicur.ve",   "address": "392 Luwap Place",   "creditCardNumber": 6296039904565700,   "cardType": "Gold",   "creditLimit": 24172,   "availableLimit": 14272,   "expiryDate": "08/22/2051" },
 {   "firstName": "Timothy",   "lastName": "Chapman",   "age": 55,   "dob": "10/29/2000",   "email": "ujruk@af.ae",   "address": "356 Hakuj Pike",   "creditCardNumber": 6377991871841443,   "cardType": "Platinum",   "creditLimit": 22205,   "availableLimit": 51002,   "expiryDate": "12/28/2026" },
 {   "firstName": "Amanda",   "lastName": "Coleman",   "age": 33,   "dob": "9/8/1985",   "email": "kuwegu@zafalvu.cg",   "address": "1200 Tefon Square",   "creditCardNumber": 36601998575339,   "cardType": "Silver",   "creditLimit": 33245,   "availableLimit": 44918,   "expiryDate": "07/17/1971" },
 {   "firstName": "Elmer",   "lastName": "Riley",   "age": 55,   "dob": "3/12/1954",   "email": "ep@ufe.mz",   "address": "1488 Nuboj Glen",   "creditCardNumber": 6278050707287089,   "cardType": "Silver",   "creditLimit": 32819,   "availableLimit": 89539,   "expiryDate": "04/28/1921" },
 {   "firstName": "Gerald",   "lastName": "Russell",   "age": 22,   "dob": "4/14/1986",   "email": "buozunu@ge.bq",   "address": "486 Sazuh Manor",   "creditCardNumber": 4407294274132695,   "cardType": "Gold",   "creditLimit": 12243,   "availableLimit": 25686,   "expiryDate": "01/16/1981" },
 {   "firstName": "Derrick",   "lastName": "Farmer",   "age": 53,   "dob": "5/4/1998",   "email": "egso@zezuku.tn",   "address": "281 Atlu Plaza",   "creditCardNumber": 4073669623153091,   "cardType": "Platinum",   "creditLimit": 68847,   "availableLimit": 69563,   "expiryDate": "06/04/1962" },
 {   "firstName": "Daniel",   "lastName": "Wheeler",   "age": 61,   "dob": "6/30/1987",   "email": "wakzuwuw@jo.gq",   "address": "554 Diuhe Junction",   "creditCardNumber": 4124389979326956,   "cardType": "Gold",   "creditLimit": 49535,   "availableLimit": 81863,   "expiryDate": "12/13/1989" },
 {   "firstName": "Celia",   "lastName": "Gibbs",   "age": 45,   "dob": "7/26/1973",   "email": "ce@fu.am",   "address": "1823 Riston Terrace",   "creditCardNumber": 6371549852223233,   "cardType": "Gold",   "creditLimit": 65127,   "availableLimit": 77092,   "expiryDate": "08/13/1987" },
 {   "firstName": "Beatrice",   "lastName": "Yates",   "age": 19,   "dob": "9/22/1986",   "email": "winun@icgepvu.mr",   "address": "584 Fawmeb Plaza",   "creditCardNumber": 6304714073979250,   "cardType": "Gold",   "creditLimit": 25283,   "availableLimit": 35603,   "expiryDate": "11/23/1996" },
 {   "firstName": "Jennie",   "lastName": "Phelps",   "age": 59,   "dob": "6/29/1957",   "email": "hulu@vagodsaw.sh",   "address": "1218 Vafo Court",   "creditCardNumber": 6272458647568375,   "cardType": "Silver",   "creditLimit": 2650,   "availableLimit": 14917,   "expiryDate": "05/07/2047" },
 {   "firstName": "Nettie",   "lastName": "Holloway",   "age": 23,   "dob": "7/17/1961",   "email": "ce@sacosvo.io",   "address": "321 Feha Plaza",   "creditCardNumber": 4903852469661346,   "cardType": "Silver",   "creditLimit": 4992,   "availableLimit": 66826,   "expiryDate": "07/27/2018" },
 {   "firstName": "Sean",   "lastName": "Foster",   "age": 47,   "dob": "10/7/1999",   "email": "kub@belrig.au",   "address": "1985 Ricwuz Trail",   "creditCardNumber": 349850907665721,   "cardType": "Silver",   "creditLimit": 23173,   "availableLimit": 64251,   "expiryDate": "10/25/2042" },
 {   "firstName": "Callie",   "lastName": "Lowe",   "age": 33,   "dob": "10/11/1996",   "email": "ho@gusha.lc",   "address": "561 Hiufa Circle",   "creditCardNumber": 6376892934331854,   "cardType": "Silver",   "creditLimit": 31876,   "availableLimit": 88549,   "expiryDate": "12/03/2006" },
 {   "firstName": "Oscar",   "lastName": "Mills",   "age": 23,   "dob": "9/15/1996",   "email": "keal@huvisi.fr",   "address": "1497 Feem Avenue",   "creditCardNumber": 6011878701906250,   "cardType": "Platinum",   "creditLimit": 98168,   "availableLimit": 47670,   "expiryDate": "11/14/2039" },
 {   "firstName": "Rebecca",   "lastName": "Lewis",   "age": 34,   "dob": "3/27/2001",   "email": "fugawe@no.jm",   "address": "770 Kipna Heights",   "creditCardNumber": 5455212770027027,   "cardType": "Silver",   "creditLimit": 34364,   "availableLimit": 90202,   "expiryDate": "05/05/1902" },
 {   "firstName": "Mason",   "lastName": "Haynes",   "age": 59,   "dob": "1/29/1960",   "email": "bengusvi@geghadses.st",   "address": "1092 Nuji Pike",   "creditCardNumber": 4903156636786196,   "cardType": "Silver",   "creditLimit": 40774,   "availableLimit": 62521,   "expiryDate": "03/22/1992" },
 {   "firstName": "Philip",   "lastName": "Delgado",   "age": 44,   "dob": "6/24/1994",   "email": "to@mifu.td",   "address": "1889 Mikve Glen",   "creditCardNumber": 6304427117009733,   "cardType": "Silver",   "creditLimit": 54614,   "availableLimit": 57719,   "expiryDate": "03/22/1928" },
 {   "firstName": "Mollie",   "lastName": "Harvey",   "age": 41,   "dob": "9/12/1984",   "email": "fepek@bodpekne.tr",   "address": "874 Hawoj Plaza",   "creditCardNumber": 3528353964166862,   "cardType": "Silver",   "creditLimit": 95822,   "availableLimit": 37486,   "expiryDate": "03/03/1991" },
 {   "firstName": "Kathryn",   "lastName": "Rowe",   "age": 27,   "dob": "7/2/1997",   "email": "gasvo@huf.ni",   "address": "1247 Rozu Path",   "creditCardNumber": 5150392453844589,   "cardType": "Silver",   "creditLimit": 94119,   "availableLimit": 48226,   "expiryDate": "01/12/2019" },
 {   "firstName": "Harriet",   "lastName": "Robbins",   "age": 60,   "dob": "12/27/1992",   "email": "vimami@in.ua",   "address": "1313 Atema Ridge",   "creditCardNumber": 36800070638011,   "cardType": "Platinum",   "creditLimit": 48562,   "availableLimit": 62521,   "expiryDate": "04/11/1932" },
 {   "firstName": "Adeline",   "lastName": "Guerrero",   "age": 63,   "dob": "10/27/1996",   "email": "ta@guf.il",   "address": "232 Wako Circle",   "creditCardNumber": 6011975386062522,   "cardType": "Gold",   "creditLimit": 46357,   "availableLimit": 12178,   "expiryDate": "11/19/1911" },
 {   "firstName": "Devin",   "lastName": "Sherman",   "age": 21,   "dob": "8/8/1980",   "email": "nodwaru@jutlehdeg.cw",   "address": "147 Guswu Parkway",   "creditCardNumber": 6334148130081004,   "cardType": "Gold",   "creditLimit": 61028,   "availableLimit": 19861,   "expiryDate": "10/19/1949" },
 {   "firstName": "Carlos",   "lastName": "Cook",   "age": 22,   "dob": "6/28/1986",   "email": "owi@nebic.ke",   "address": "1302 Lefat Trail",   "creditCardNumber": 3528151543730954,   "cardType": "Platinum",   "creditLimit": 48229,   "availableLimit": 64439,   "expiryDate": "09/16/1934" },
 {   "firstName": "Francisco",   "lastName": "Guzman",   "age": 49,   "dob": "1/18/1963",   "email": "cedhepvok@om.lb",   "address": "162 Dewo Terrace",   "creditCardNumber": 4903553715187363,   "cardType": "Platinum",   "creditLimit": 22853,   "availableLimit": 76628,   "expiryDate": "10/26/1990" },
 {   "firstName": "Cora",   "lastName": "Richardson",   "age": 64,   "dob": "3/15/1962",   "email": "ozuza@obova.ee",   "address": "1681 Wuja Junction",   "creditCardNumber": 6304125768347036,   "cardType": "Gold",   "creditLimit": 50046,   "availableLimit": 75574,   "expiryDate": "03/30/1997" },
 {   "firstName": "Hulda",   "lastName": "Day",   "age": 29,   "dob": "3/8/1990",   "email": "ovojep@oletad.pk",   "address": "1700 Ikuufe Manor",   "creditCardNumber": 5120611194236954,   "cardType": "Silver",   "creditLimit": 13942,   "availableLimit": 34231,   "expiryDate": "04/27/1903" },
 {   "firstName": "Garrett",   "lastName": "Morales",   "age": 37,   "dob": "9/2/1960",   "email": "sifaka@wal.fj",   "address": "882 Kuup Square",   "creditCardNumber": 4724077781868885,   "cardType": "Silver",   "creditLimit": 34165,   "availableLimit": 20898,   "expiryDate": "02/07/2042" },
 {   "firstName": "Douglas",   "lastName": "Lee",   "age": 42,   "dob": "2/16/1993",   "email": "ranzi@ucunolzav.gi",   "address": "1744 Fikat View",   "creditCardNumber": 5453414690216456,   "cardType": "Silver",   "creditLimit": 79701,   "availableLimit": 74442,   "expiryDate": "04/22/2036" },
 {   "firstName": "Tommy",   "lastName": "Boone",   "age": 41,   "dob": "6/28/1969",   "email": "irda@panze.pr",   "address": "1913 Caere Ridge",   "creditCardNumber": 36929171758251,   "cardType": "Gold",   "creditLimit": 7240,   "availableLimit": 90786,   "expiryDate": "06/21/2009" },
 {   "firstName": "Ina",   "lastName": "Hamilton",   "age": 46,   "dob": "3/29/1967",   "email": "zoncerka@fottuv.es",   "address": "1414 Afguz Center",   "creditCardNumber": 5610438717652906,   "cardType": "Silver",   "creditLimit": 77539,   "availableLimit": 78482,   "expiryDate": "11/08/2006" },
 {   "firstName": "Francis",   "lastName": "Rios",   "age": 54,   "dob": "4/15/1991",   "email": "nofpegu@zupom.et",   "address": "712 Wicupe Trail",   "creditCardNumber": 30027771119895,   "cardType": "Silver",   "creditLimit": 22631,   "availableLimit": 46436,   "expiryDate": "07/09/2057" },
 {   "firstName": "Landon",   "lastName": "Duncan",   "age": 43,   "dob": "2/25/1986",   "email": "goli@oknel.pg",   "address": "1074 Lohoc Heights",   "creditCardNumber": 5610844743067326,   "cardType": "Silver",   "creditLimit": 94442,   "availableLimit": 81088,   "expiryDate": "05/24/2057" },
 {   "firstName": "Ethan",   "lastName": "Morton",   "age": 55,   "dob": "6/18/1956",   "email": "zimmez@hawab.cu",   "address": "104 Jujbe Circle",   "creditCardNumber": 5610984305576759,   "cardType": "Silver",   "creditLimit": 3764,   "availableLimit": 39506,   "expiryDate": "04/07/1930" },
 {   "firstName": "Mamie",   "lastName": "Gill",   "age": 39,   "dob": "12/2/1954",   "email": "la@fiorru.sd",   "address": "1749 Libroc Way",   "creditCardNumber": 4983374941311369,   "cardType": "Gold",   "creditLimit": 64237,   "availableLimit": 31336,   "expiryDate": "12/31/2046" },
 {   "firstName": "Amy",   "lastName": "Barrett",   "age": 46,   "dob": "12/6/1976",   "email": "zoazhif@zef.aw",   "address": "240 Kiaje Heights",   "creditCardNumber": 6370892217287886,   "cardType": "Silver",   "creditLimit": 33744,   "availableLimit": 52518,   "expiryDate": "07/30/1923" },
 {   "firstName": "Edgar",   "lastName": "Brooks",   "age": 37,   "dob": "11/23/1991",   "email": "ipurikle@jolnuet.rs",   "address": "1184 Oseave Highway",   "creditCardNumber": 5453455732725764,   "cardType": "Gold",   "creditLimit": 77781,   "availableLimit": 63816,   "expiryDate": "04/13/2021" },
 {   "firstName": "Lily",   "lastName": "Gray",   "age": 52,   "dob": "7/30/1998",   "email": "we@lu.tn",   "address": "326 Ovehib Turnpike",   "creditCardNumber": 6304260311891840,   "cardType": "Silver",   "creditLimit": 36245,   "availableLimit": 71904,   "expiryDate": "01/24/1926" },
 {   "firstName": "Bernice",   "lastName": "Ray",   "age": 57,   "dob": "2/16/1995",   "email": "ilo@veka.tg",   "address": "1775 Tonlec Loop",   "creditCardNumber": 4903530850792751,   "cardType": "Gold",   "creditLimit": 89866,   "availableLimit": 81879,   "expiryDate": "02/10/1939" },
 {   "firstName": "Marie",   "lastName": "Curtis",   "age": 22,   "dob": "10/25/1981",   "email": "gejuvu@zibuf.gm",   "address": "1685 Haja Highway",   "creditCardNumber": 5018483787174082,   "cardType": "Silver",   "creditLimit": 43940,   "availableLimit": 32684,   "expiryDate": "03/18/1982" },
 {   "firstName": "Sophia",   "lastName": "Armstrong",   "age": 21,   "dob": "8/7/1984",   "email": "gegi@az.tm",   "address": "1375 Acesin Glen",   "creditCardNumber": 5610978753671682,   "cardType": "Gold",   "creditLimit": 2518,   "availableLimit": 66356,   "expiryDate": "06/09/2035" },
 {   "firstName": "Effie",   "lastName": "Chavez",   "age": 52,   "dob": "12/12/1982",   "email": "wakablik@panbow.ck",   "address": "1138 Tihop Glen",   "creditCardNumber": 4903124215604610,   "cardType": "Gold",   "creditLimit": 14677,   "availableLimit": 20120,   "expiryDate": "11/24/2000" },
 {   "firstName": "Scott",   "lastName": "Tyler",   "age": 32,   "dob": "8/9/1974",   "email": "cav@weturvo.ar",   "address": "718 Jigefi Parkway",   "creditCardNumber": 341304059908263,   "cardType": "Silver",   "creditLimit": 43583,   "availableLimit": 48848,   "expiryDate": "07/18/1946" },
 {   "firstName": "Alice",   "lastName": "Hammond",   "age": 57,   "dob": "1/23/1994",   "email": "huhbo@zefsowuh.sy",   "address": "1839 Buwuc Way",   "creditCardNumber": 343454081581972,   "cardType": "Silver",   "creditLimit": 89235,   "availableLimit": 17709,   "expiryDate": "06/22/1966" },
 {   "firstName": "Isabel",   "lastName": "Neal",   "age": 36,   "dob": "11/22/1955",   "email": "ja@buvtiw.cr",   "address": "645 Fomep Turnpike",   "creditCardNumber": 6334269848406398,   "cardType": "Silver",   "creditLimit": 36512,   "availableLimit": 28901,   "expiryDate": "12/25/2031" },
 {   "firstName": "Jim",   "lastName": "Cook",   "age": 31,   "dob": "2/9/1974",   "email": "del@sekkugodo.sy",   "address": "291 Odce Center",   "creditCardNumber": 6334202346482298,   "cardType": "Silver",   "creditLimit": 62673,   "availableLimit": 96212,   "expiryDate": "01/19/1959" },
 {   "firstName": "Verna",   "lastName": "Jennings",   "age": 42,   "dob": "6/25/1967",   "email": "jejdo@dure.ao",   "address": "32 Jargo View",   "creditCardNumber": 30030277042686,   "cardType": "Silver",   "creditLimit": 46523,   "availableLimit": 92935,   "expiryDate": "06/29/1943" },
 {   "firstName": "Virginia",   "lastName": "Lamb",   "age": 47,   "dob": "8/27/1955",   "email": "bogimocul@vujigliz.ax",   "address": "1605 Oheni Street",   "creditCardNumber": 344323377800975,   "cardType": "Gold",   "creditLimit": 64609,   "availableLimit": 94598,   "expiryDate": "10/12/2020" }
]